link,username,count_comment
https://habr.com/ru/company/pvs-studio/blog/443100/,SvyatoslavMC,15
https://habr.com/ru/company/pvs-studio/blog/443100/,Andrey2008,13
https://habr.com/ru/company/pvs-studio/blog/443100/,qw1,12
https://habr.com/ru/company/pvs-studio/blog/443100/,staticlab,7
https://habr.com/ru/company/pvs-studio/blog/443100/,EvgeniyRyzhkov,6
https://habr.com/ru/company/pvs-studio/blog/443100/,sumanai,6
https://habr.com/ru/company/pvs-studio/blog/443100/,lany,5
https://habr.com/ru/company/pvs-studio/blog/443100/,creker,4
https://habr.com/ru/company/pvs-studio/blog/443100/,Nagg,3
https://habr.com/ru/company/pvs-studio/blog/443100/,dimm_ddr,3
https://habr.com/ru/company/pvs-studio/blog/443100/,mapron,3
https://habr.com/ru/company/pvs-studio/blog/443100/,AndrewN,2
https://habr.com/ru/company/pvs-studio/blog/443100/,Artemis86,2
https://habr.com/ru/company/pvs-studio/blog/443100/,DistortNeo,2
https://habr.com/ru/company/pvs-studio/blog/443100/,FloorZ,2
https://habr.com/ru/company/pvs-studio/blog/443100/,Jogger,2
https://habr.com/ru/company/pvs-studio/blog/443100/,NeocortexLab,2
https://habr.com/ru/company/pvs-studio/blog/443100/,WayMax,2
https://habr.com/ru/company/pvs-studio/blog/443100/,WinPooh73,2
https://habr.com/ru/company/pvs-studio/blog/443100/,alan008,2
https://habr.com/ru/company/pvs-studio/blog/443100/,arctic-fox,2
https://habr.com/ru/company/pvs-studio/blog/443100/,dev96,2
https://habr.com/ru/company/pvs-studio/blog/443100/,mk2,2
https://habr.com/ru/company/pvs-studio/blog/443100/,neurocore,2
https://habr.com/ru/company/pvs-studio/blog/443100/,sergpank,2
https://habr.com/ru/company/pvs-studio/blog/443100/,yleo,2
https://habr.com/ru/company/pvs-studio/blog/443100/,200sx_Pilot,1
https://habr.com/ru/company/pvs-studio/blog/443100/,Al_Azif,1
https://habr.com/ru/company/pvs-studio/blog/443100/,Am0ralist,1
https://habr.com/ru/company/pvs-studio/blog/443100/,Areso,1
https://habr.com/ru/company/pvs-studio/blog/443100/,Cenzo,1
https://habr.com/ru/company/pvs-studio/blog/443100/,CoolCmd,1
https://habr.com/ru/company/pvs-studio/blog/443100/,DanilinS,1
https://habr.com/ru/company/pvs-studio/blog/443100/,DjSens,1
https://habr.com/ru/company/pvs-studio/blog/443100/,GomboTs,1
https://habr.com/ru/company/pvs-studio/blog/443100/,GreyStrannik,1
https://habr.com/ru/company/pvs-studio/blog/443100/,KumoKairo,1
https://habr.com/ru/company/pvs-studio/blog/443100/,MaximRV,1
https://habr.com/ru/company/pvs-studio/blog/443100/,Mingun,1
https://habr.com/ru/company/pvs-studio/blog/443100/,Miron11,1
https://habr.com/ru/company/pvs-studio/blog/443100/,Nomad1,1
https://habr.com/ru/company/pvs-studio/blog/443100/,VBKesha,1
https://habr.com/ru/company/pvs-studio/blog/443100/,agarus,1
https://habr.com/ru/company/pvs-studio/blog/443100/,alchemist666,1
https://habr.com/ru/company/pvs-studio/blog/443100/,alex-pat,1
https://habr.com/ru/company/pvs-studio/blog/443100/,alix_ginger,1
https://habr.com/ru/company/pvs-studio/blog/443100/,arthi7471,1
https://habr.com/ru/company/pvs-studio/blog/443100/,devalone,1
https://habr.com/ru/company/pvs-studio/blog/443100/,dimkss,1
https://habr.com/ru/company/pvs-studio/blog/443100/,elmm,1
https://habr.com/ru/company/pvs-studio/blog/443100/,farcaller,1
https://habr.com/ru/company/pvs-studio/blog/443100/,gaploid,1
https://habr.com/ru/company/pvs-studio/blog/443100/,gdt,1
https://habr.com/ru/company/pvs-studio/blog/443100/,geoolekom,1
https://habr.com/ru/company/pvs-studio/blog/443100/,justboris,1
https://habr.com/ru/company/pvs-studio/blog/443100/,keydon2,1
https://habr.com/ru/company/pvs-studio/blog/443100/,klvov,1
https://habr.com/ru/company/pvs-studio/blog/443100/,koderr,1
https://habr.com/ru/company/pvs-studio/blog/443100/,maxzhurkin,1
https://habr.com/ru/company/pvs-studio/blog/443100/,mynameco,1
https://habr.com/ru/company/pvs-studio/blog/443100/,olekl,1
https://habr.com/ru/company/pvs-studio/blog/443100/,ooprizrakoo,1
https://habr.com/ru/company/pvs-studio/blog/443100/,qwertyqwerty,1
https://habr.com/ru/company/pvs-studio/blog/443100/,sotnikdv,1
https://habr.com/ru/company/pvs-studio/blog/443100/,tmaxx,1
https://habr.com/ru/company/pvs-studio/blog/443100/,transcengopher,1
https://habr.com/ru/company/pvs-studio/blog/443100/,tyomitch,1
https://habr.com/ru/company/pvs-studio/blog/443100/,unC0Rr,1
https://habr.com/ru/company/pvs-studio/blog/443100/,unclejocker,1
https://habr.com/ru/company/pvs-studio/blog/443100/,vsb,1
https://habr.com/ru/company/pvs-studio/blog/443100/,xPomaHx,1
https://habr.com/ru/company/pvs-studio/blog/443100/,yogg-soggot,1
https://habr.com/ru/company/tm/blog/442208/,rgs350,13
https://habr.com/ru/company/tm/blog/442208/,vconst,12
https://habr.com/ru/company/tm/blog/442208/,Alexufo,6
https://habr.com/ru/company/tm/blog/442208/,daleraliyorov,6
https://habr.com/ru/company/tm/blog/442208/,selivanov_pavel,6
https://habr.com/ru/company/tm/blog/442208/,sumanai,6
https://habr.com/ru/company/tm/blog/442208/,MacIn,5
https://habr.com/ru/company/tm/blog/442208/,old_bear,5
https://habr.com/ru/company/tm/blog/442208/,AngReload,4
https://habr.com/ru/company/tm/blog/442208/,Boomburum,4
https://habr.com/ru/company/tm/blog/442208/,eisaev,4
https://habr.com/ru/company/tm/blog/442208/,kababok,4
https://habr.com/ru/company/tm/blog/442208/,michael_vostrikov,4
https://habr.com/ru/company/tm/blog/442208/,rjhdby,4
https://habr.com/ru/company/tm/blog/442208/,striver,4
https://habr.com/ru/company/tm/blog/442208/,KvanTTT,3
https://habr.com/ru/company/tm/blog/442208/,jok40,3
https://habr.com/ru/company/tm/blog/442208/,Slavik_Kenny,2
https://habr.com/ru/company/tm/blog/442208/,extempl,2
https://habr.com/ru/company/tm/blog/442208/,lamer84,2
https://habr.com/ru/company/tm/blog/442208/,saboteur_kiev,2
https://habr.com/ru/company/tm/blog/442208/,tvr,2
https://habr.com/ru/company/tm/blog/442208/,3aBulon,1
https://habr.com/ru/company/tm/blog/442208/,Dadadumdums,1
https://habr.com/ru/company/tm/blog/442208/,DaemonGloom,1
https://habr.com/ru/company/tm/blog/442208/,DollaR84,1
https://habr.com/ru/company/tm/blog/442208/,FTOH,1
https://habr.com/ru/company/tm/blog/442208/,MTyrz,1
https://habr.com/ru/company/tm/blog/442208/,Mad__Max,1
https://habr.com/ru/company/tm/blog/442208/,Mingun,1
https://habr.com/ru/company/tm/blog/442208/,Mogwaika,1
https://habr.com/ru/company/tm/blog/442208/,NickKolok,1
https://habr.com/ru/company/tm/blog/442208/,OZR,1
https://habr.com/ru/company/tm/blog/442208/,SergeyMax,1
https://habr.com/ru/company/tm/blog/442208/,Source,1
https://habr.com/ru/company/tm/blog/442208/,Zayatslyoha,1
https://habr.com/ru/company/tm/blog/442208/,bano-notit,1
https://habr.com/ru/company/tm/blog/442208/,bvn13,1
https://habr.com/ru/company/tm/blog/442208/,c0f04,1
https://habr.com/ru/company/tm/blog/442208/,chianti,1
https://habr.com/ru/company/tm/blog/442208/,crocodile2u,1
https://habr.com/ru/company/tm/blog/442208/,cyborg-researcher,1
https://habr.com/ru/company/tm/blog/442208/,dartraiden,1
https://habr.com/ru/company/tm/blog/442208/,datacompboy,1
https://habr.com/ru/company/tm/blog/442208/,deamondz,1
https://habr.com/ru/company/tm/blog/442208/,dolovar,1
https://habr.com/ru/company/tm/blog/442208/,exr,1
https://habr.com/ru/company/tm/blog/442208/,fenst,1
https://habr.com/ru/company/tm/blog/442208/,freestyler8,1
https://habr.com/ru/company/tm/blog/442208/,gudvinr,1
https://habr.com/ru/company/tm/blog/442208/,halyavin,1
https://habr.com/ru/company/tm/blog/442208/,homm,1
https://habr.com/ru/company/tm/blog/442208/,igordoge,1
https://habr.com/ru/company/tm/blog/442208/,igruh,1
https://habr.com/ru/company/tm/blog/442208/,impwx,1
https://habr.com/ru/company/tm/blog/442208/,ivan386,1
https://habr.com/ru/company/tm/blog/442208/,jknight,1
https://habr.com/ru/company/tm/blog/442208/,klirichek,1
https://habr.com/ru/company/tm/blog/442208/,mdcool,1
https://habr.com/ru/company/tm/blog/442208/,perfect_genius,1
https://habr.com/ru/company/tm/blog/442208/,polearnik,1
https://habr.com/ru/company/tm/blog/442208/,priwelec,1
https://habr.com/ru/company/tm/blog/442208/,rail-ka,1
https://habr.com/ru/company/tm/blog/442208/,stepmex,1
https://habr.com/ru/company/tm/blog/442208/,svi0105,1
https://habr.com/ru/company/tm/blog/442208/,t_kanstantsin,1
https://habr.com/ru/company/tm/blog/442208/,u007,1
https://habr.com/ru/company/tm/blog/442208/,unwrecker,1
https://habr.com/ru/company/tm/blog/442208/,w0den,1
https://habr.com/ru/company/tm/blog/442208/,webserfer,1
https://habr.com/ru/company/tm/blog/442208/,zamboga,1
https://habr.com/ru/post/444274/,enzain,24
https://habr.com/ru/post/444274/,isp8k,24
https://habr.com/ru/post/444274/,khim,23
https://habr.com/ru/post/444274/,Farakhm,14
https://habr.com/ru/post/444274/,askv,14
https://habr.com/ru/post/444274/,CyberSEO,13
https://habr.com/ru/post/444274/,qrKot,13
https://habr.com/ru/post/444274/,oracle_and_delphi,12
https://habr.com/ru/post/444274/,shifttstas,11
https://habr.com/ru/post/444274/,VerdOrr,10
https://habr.com/ru/post/444274/,iig,9
https://habr.com/ru/post/444274/,Henry7,6
https://habr.com/ru/post/444274/,KonkovVladimir,6
https://habr.com/ru/post/444274/,Nova_Logic,6
https://habr.com/ru/post/444274/,Kastrulya,5
https://habr.com/ru/post/444274/,MacIn,5
https://habr.com/ru/post/444274/,PsyHaSTe,5
https://habr.com/ru/post/444274/,Sheti,5
https://habr.com/ru/post/444274/,ZetaTetra,5
https://habr.com/ru/post/444274/,arthur_veber,5
https://habr.com/ru/post/444274/,piroman,5
https://habr.com/ru/post/444274/,Mykola_Von_Raybokobylko,4
https://habr.com/ru/post/444274/,Radjah,4
https://habr.com/ru/post/444274/,bisquitie,4
https://habr.com/ru/post/444274/,keydet,4
https://habr.com/ru/post/444274/,tyomitch,4
https://habr.com/ru/post/444274/,9660,3
https://habr.com/ru/post/444274/,DistortNeo,3
https://habr.com/ru/post/444274/,Druu,3
https://habr.com/ru/post/444274/,GDragon,3
https://habr.com/ru/post/444274/,Habra_nik,3
https://habr.com/ru/post/444274/,arkamax,3
https://habr.com/ru/post/444274/,entze,3
https://habr.com/ru/post/444274/,peterzubkoff,3
https://habr.com/ru/post/444274/,puyol_dev2,3
https://habr.com/ru/post/444274/,suharik,3
https://habr.com/ru/post/444274/,1c80,2
https://habr.com/ru/post/444274/,Aingis,2
https://habr.com/ru/post/444274/,AlxDr,2
https://habr.com/ru/post/444274/,Antares19,2
https://habr.com/ru/post/444274/,Archon,2
https://habr.com/ru/post/444274/,BkmzSpb,2
https://habr.com/ru/post/444274/,BloodLizard,2
https://habr.com/ru/post/444274/,Bonio,2
https://habr.com/ru/post/444274/,Cenzo,2
https://habr.com/ru/post/444274/,Mabusius,2
https://habr.com/ru/post/444274/,PowerMetall,2
https://habr.com/ru/post/444274/,Sergery8205,2
https://habr.com/ru/post/444274/,altai2013,2
https://habr.com/ru/post/444274/,balsoft,2
https://habr.com/ru/post/444274/,ctc,2
https://habr.com/ru/post/444274/,dartraiden,2
https://habr.com/ru/post/444274/,epishman,2
https://habr.com/ru/post/444274/,funnycar,2
https://habr.com/ru/post/444274/,oller,2
https://habr.com/ru/post/444274/,rogoz,2
https://habr.com/ru/post/444274/,tonny_bennet,2
https://habr.com/ru/post/444274/,vvpoloskin,2
https://habr.com/ru/post/444274/,weirded,2
https://habr.com/ru/post/444274/,1tuz,1
https://habr.com/ru/post/444274/,Anton23,1
https://habr.com/ru/post/444274/,Asparagales,1
https://habr.com/ru/post/444274/,Ded_Keygen,1
https://habr.com/ru/post/444274/,Enverest,1
https://habr.com/ru/post/444274/,Furriest,1
https://habr.com/ru/post/444274/,Hypnotoadd,1
https://habr.com/ru/post/444274/,ICEBURG,1
https://habr.com/ru/post/444274/,Kwisatz,1
https://habr.com/ru/post/444274/,L0NGMAN,1
https://habr.com/ru/post/444274/,MarSoft,1
https://habr.com/ru/post/444274/,Materializator,1
https://habr.com/ru/post/444274/,Murat1992,1
https://habr.com/ru/post/444274/,Pas,1
https://habr.com/ru/post/444274/,Popadanec,1
https://habr.com/ru/post/444274/,Razveseliy_tsigan,1
https://habr.com/ru/post/444274/,Sabubu,1
https://habr.com/ru/post/444274/,Sol_Vento,1
https://habr.com/ru/post/444274/,TerraHominem,1
https://habr.com/ru/post/444274/,TimsTims,1
https://habr.com/ru/post/444274/,VladMgn,1
https://habr.com/ru/post/444274/,Whuthering,1
https://habr.com/ru/post/444274/,aPiks,1
https://habr.com/ru/post/444274/,abar,1
https://habr.com/ru/post/444274/,alex-open-plc,1
https://habr.com/ru/post/444274/,alskdjkasjdklajs,1
https://habr.com/ru/post/444274/,amarao,1
https://habr.com/ru/post/444274/,andrey665,1
https://habr.com/ru/post/444274/,andrey_gavrilov,1
https://habr.com/ru/post/444274/,artemerschow,1
https://habr.com/ru/post/444274/,balamutang,1
https://habr.com/ru/post/444274/,blind_oracle,1
https://habr.com/ru/post/444274/,bopia09,1
https://habr.com/ru/post/444274/,dMetrius,1
https://habr.com/ru/post/444274/,dbalabanov,1
https://habr.com/ru/post/444274/,dmitryredkin,1
https://habr.com/ru/post/444274/,dumistoklus,1
https://habr.com/ru/post/444274/,floop,1
https://habr.com/ru/post/444274/,gligi,1
https://habr.com/ru/post/444274/,goldrobot,1
https://habr.com/ru/post/444274/,gwathedhel,1
https://habr.com/ru/post/444274/,iDm1,1
https://habr.com/ru/post/444274/,igorsd,1
https://habr.com/ru/post/444274/,komtet,1
https://habr.com/ru/post/444274/,lllepemetbeb,1
https://habr.com/ru/post/444274/,mOlind,1
https://habr.com/ru/post/444274/,mSnus,1
https://habr.com/ru/post/444274/,mashimaro,1
https://habr.com/ru/post/444274/,masscry,1
https://habr.com/ru/post/444274/,mclander,1
https://habr.com/ru/post/444274/,muromdx,1
https://habr.com/ru/post/444274/,nlykl,1
https://habr.com/ru/post/444274/,nqooqoo,1
https://habr.com/ru/post/444274/,pilniy,1
https://habr.com/ru/post/444274/,ramax,1
https://habr.com/ru/post/444274/,romanonthego,1
https://habr.com/ru/post/444274/,samodum,1
https://habr.com/ru/post/444274/,servermen,1
https://habr.com/ru/post/444274/,shalm,1
https://habr.com/ru/post/444274/,snizovtsev,1
https://habr.com/ru/post/444274/,solovetski,1
https://habr.com/ru/post/444274/,sotnikdv,1
https://habr.com/ru/post/444274/,ssh24,1
https://habr.com/ru/post/444274/,stavinsky,1
https://habr.com/ru/post/444274/,sumanai,1
https://habr.com/ru/post/444274/,susnake,1
https://habr.com/ru/post/444274/,toxicdream,1
https://habr.com/ru/post/444274/,tyderh,1
https://habr.com/ru/post/444274/,vyo,1
https://habr.com/ru/post/444274/,xFFFF,1
https://habr.com/ru/post/444274/,xRay,1
